Store,Climate,VSG ,APT 9,CHAPS,CROFT & BARROW,GLORIA VANDERBILT,JENNIFER LOPEZ,LEE,SONOMA,TEKGEAR
,,,Current Space,Current Space,Current Space,Current Space,Current Space,Current Space,Current Space,Current Space
7,COLD,SM,5,3,10.5,2,3,1.5,6,5.5
8,COLD,ST,5,3,9,2,3,1.5,5,3.5
9,COLD,SM,5,3,9,2,2,1.5,5,3.5
10,COLD,ST,5,3,9,2,3,1.5,5,3.5
11,COLD,SM,5,3,9,2,3,1.5,5,3.5
14,COLD,SM,5,3,9,2,2,1.5,5,3.5
17,COLD,ST,5,3,9,2,3,1.5,5,3.5
18,COLD,ST,5,3,10.5,2,3,1.5,6,5.5
19,COLD,SM,5,2,9,2,2,1.5,5,3.5
25,COLD,LG,5,3,9,2,2,1.5,5,3.5
31,COLD,ST,5,3,9,2,3,1.5,5,3.5
32,COLD,ST,5,2,9,2,3,1.5,5,3.5
33,COLD,LG,5,3,9,2,2,1.5,5,3.5
34,COLD,ST,5,2,9,2,3,1.5,5,3.5
35,COLD,ST,5,3,9,2,2,1.5,5,3.5
37,COLD,LG,5,3,9,2,3,1.5,5,3.5
39,COLD,ST,5,3,9,2,3,1.5,5,3.5
41,COLD,ST,5,3,10.5,2,3,1.5,6,5.5
43,COLD,SM,5,2,9,2,2,1.5,5,3.5
48,COLD,ST,5,3,9,2,2,1.5,5,3.5
49,COLD,SM,5,3,9,2,2,1.5,5,3.5
52,COLD,SM,5,3,9,2,2,1.5,5,3.5
54,COLD,SM,5,3,10.5,2,3,1.5,6,5.5
55,COLD,LG,5,3,9,2,2,1.5,5,3.5
57,COLD,SM,5,2,9,2,2,1.5,5,3.5
59,COLD,SM,5,2,9,2,2,1.5,5,3.5
60,COLD,ST,5,3,9,2,2,1.5,5,3.5
62,COLD,SM,5,3,9,2,3,1.5,5,3.5
63,COLD,ST,5,2,9,2,2,1.5,5,3.5
64,COLD,LG,5,3,9,2,2,1.5,5,3.5
65,COLD,ST,5,2,9,2,2,1.5,5,3.5
66,COLD,SM,5,3,9,2,2,1.5,5,3.5
67,COLD,SM,5,2,9,2,2,1.5,5,3.5
68,COLD,LG,5,3,9,2,2,1.5,5,3.5
70,COLD,SM,5,2,9,2,2,1.5,5,3.5
71,COLD,SM,5,3,9,2,2,1.5,5,3.5
72,COLD,ST,5,3,9,2,2,1.5,5,3.5
73,COLD,SM,5,3,9,2,3,1.5,5,3.5
75,COLD,ST,5,3,9,2,2,1.5,5,3.5
77,COLD,ST,5,3,9,2,2,1.5,5,3.5
79,COLD,LG,5,3,9,2,2,1.5,5,3.5
82,COLD,SM,5,3,9,2,2,1.5,5,3.5
83,COLD,SM,5,3,9,2,2,1.5,5,3.5
84,COLD,SM,5,3,9,2,2,1.5,5,3.5
86,COLD,LG,5,3,9,2,3,1.5,5,3.5
89,COLD,SM,5,3,9,2,2,1.5,5,3.5
91,COLD,ST,5,3,9,2,2,1.5,5,3.5
95,COLD,ST,5,3,9,2,2,1.5,5,3.5
96,COLD,ST,5,3,9,2,3,1.5,5,3.5
97,COLD,LG,5,3,10.5,2,3,1.5,6,5.5
99,COLD,LG,5,3,10.5,2,3,1.5,6,5.5
101,COLD,LG,5,3,9,2,2,1.5,5,3.5
102,COLD,ST,5,3,10.5,2,3,1.5,6,5.5
103,COLD,ST,5,3,9,2,2,1.5,5,3.5
104,COLD,ST,5,3,10.5,2,3,1.5,6,5.5
105,COLD,LG,5,3,9,2,2,1.5,5,3.5
106,COLD,ST,5,3,9,2,2,1.5,5,3.5
107,COLD,ST,5,3,9,2,2,1.5,5,3.5
108,COLD,ST,5,3,10.5,2,3,1.5,6,5.5
109,COLD,ST,5,3,9,2,3,1.5,5,3.5
110,COLD,SM,5,3,9,2,2,1.5,5,3.5
111,COLD,ST,5,3,9,2,2,1.5,5,3.5
112,COLD,ST,5,3,9,2,2,1.5,5,3.5
113,COLD,ST,5,3,9,2,2,1.5,5,3.5
114,COLD,SM,5,3,10.5,2,3,1.5,6,5.5
115,COLD,SM,4,2,7.5,1.5,2,1,4,3
117,COLD,LG,5,3,9,2,2,1.5,5,3.5
118,COLD,ST,5,3,10.5,2,3,1.5,6,5.5
119,COLD,LG,4,2,7.5,1.5,2,1,4,3
121,COLD,ST,5,3,9,2,2,1.5,5,3.5
123,COLD,SM,5,3,9,2,2,1.5,5,3.5
125,COLD,SM,4,2,7.5,1.5,2,1,4,3
126,COLD,ST,5,3,9,2,2,1.5,5,3.5
127,COLD,ST,5,3,9,2,2,1.5,5,3.5
129,COLD,SM,5,3,9,2,2,1.5,5,3.5
130,COLD,LG,5,3,9,2,3,1.5,5,3.5
132,COLD,SM,5,3,9,2,2,1.5,5,3.5
134,COLD,SM,5,3,9,2,3,1.5,5,3.5
136,COLD,SM,4,2,7.5,1.5,2,1,4,3
138,COLD,SM,5,3,9,2,2,1.5,5,3.5
139,COLD,ST,5,3,9,2,2,1.5,5,3.5
140,COLD,LG,5,3,10.5,2,3,1.5,6,5.5
141,COLD,ST,5,3,9,2,2,1.5,5,3.5
142,COLD,LG,5,3,9,2,2,1.5,5,3.5
143,COLD,SM,4,2,7.5,1.5,2,1,4,3
147,COLD,SM,5,3,10.5,2,3,1.5,6,5.5
148,COLD,LG,5,3,9,2,3,1.5,5,3.5
149,COLD,ST,5,2,9,2,2,1.5,5,3.5
153,COLD,ST,5,3,9,2,2,1.5,5,3.5
154,COLD,ST,5,3,9,2,2,1.5,5,3.5
155,COLD,ST,5,3,9,2,3,1.5,5,3.5
156,COLD,ST,5,3,9,2,2,1.5,5,3.5
158,COLD,ST,5,3,9,2,3,1.5,5,3.5
159,COLD,LG,5,3,9,2,2,1.5,5,3.5
160,COLD,ST,5,3,9,2,3,1.5,5,3.5
161,COLD,ST,5,3,9,2,2,1.5,5,3.5
162,COLD,SM,5,2,9,2,2,1.5,5,3.5
163,COLD,ST,4,2,7.5,1.5,2,1,4,3
165,COLD,SM,4,2,7.5,1.5,2,1,4,3
166,COLD,ST,5,3,9,2,3,1.5,5,3.5
167,COLD,LG,5,3,9,2,2,1.5,5,3.5
168,COLD,LG,5,3,9,2,2,1.5,5,3.5
169,COLD,LG,5,3,9,2,2,1.5,5,3.5
170,COLD,LG,5,3,9,2,2,1.5,5,3.5
171,COLD,LG,5,3,9,2,2,1.5,5,3.5
172,COLD,ST,5,3,9,2,2,1.5,5,3.5
173,COLD,ST,5,3,10.5,2,3,1.5,6,5.5
174,COLD,ST,5,3,9,2,2,1.5,5,3.5
175,COLD,ST,5,3,9,2,3,1.5,5,3.5
176,COLD,LG,5,3,9,2,2,1.5,5,3.5
177,COLD,LG,5,3,9,2,2,1.5,5,3.5
178,COLD,LG,5,3,9,2,2,1.5,5,3.5
179,COLD,ST,5,3,9,2,3,1.5,5,3.5
180,COLD,ST,4,2,7.5,1.5,2,1,4,3
182,COLD,ST,5,3,9,2,2,1.5,5,3.5
183,COLD,ST,5,3,9,2,3,1.5,5,3.5
184,COLD,ST,5,3,9,2,2,1.5,5,3.5
185,COLD,SM,4,2,7.5,1.5,2,1,4,3
186,COLD,SM,4,2,7.5,1.5,2,1,4,3
187,COLD,ST,5,3,10.5,2,3,1.5,6,5.5
188,COLD,LG,5,3,9,2,2,1.5,5,3.5
189,COLD,LG,5,3,9,2,2,1.5,5,3.5
190,COLD,LG,5,2,9,2,3,1.5,5,3.5
191,COLD,ST,5,3,9,2,2,1.5,5,3.5
192,COLD,ST,5,2,9,2,2,1.5,5,3.5
193,COLD,ST,5,3,9,2,2,1.5,5,3.5
195,COLD,ST,5,2,9,2,2,1.5,5,3.5
196,COLD,SM,5,3,9,2,2,1.5,5,3.5
197,COLD,ST,4,2,7.5,1.5,2,1,4,3
198,COLD,ST,5,3,9,2,2,1.5,5,3.5
200,COLD,LG,5,2,9,2,3,1.5,5,3.5
201,COLD,SM,5,3,9,2,2,1.5,5,3.5
202,COLD,ST,5,3,9,2,3,1.5,5,3.5
204,COLD,SM,5,3,9,2,3,1.5,5,3.5
205,COLD,ST,5,3,9,2,2,1.5,5,3.5
206,COLD,SM,5,3,9,2,3,1.5,5,3.5
207,COLD,ST,5,3,9,2,2,1.5,5,3.5
208,COLD,ST,5,3,10.5,2,3,1.5,6,5.5
209,COLD,SM,5,3,9,2,2,1.5,5,3.5
210,COLD,LG,5,3,9,2,3,1.5,5,3.5
211,COLD,ST,5,3,9,2,2,1.5,5,3.5
212,COLD,SM,5,3,9,2,3,1.5,5,3.5
213,COLD,SM,5,3,9,2,3,1.5,5,3.5
214,COLD,SM,5,3,9,2,2,1.5,5,3.5
215,COLD,SM,5,3,9,2,2,1.5,5,3.5
216,COLD,SM,5,3,9,2,2,1.5,5,3.5
217,COLD,SM,5,3,9,2,2,1.5,5,3.5
218,COLD,SM,5,3,9,2,2,1.5,5,3.5
219,COLD,SM,5,3,9,2,2,1.5,5,3.5
220,COLD,ST,5,3,9,2,2,1.5,5,3.5
221,COLD,ST,5,3,10.5,2,3,1.5,6,5.5
222,COLD,ST,5,3,9,2,2,1.5,5,3.5
223,COLD,ST,5,3,10.5,2,3,1.5,6,5.5
224,COLD,SM,5,3,9,2,2,1.5,5,3.5
225,COLD,LG,5,3,9,2,2,1.5,5,3.5
226,COLD,SM,5,3,10.5,2,3,1.5,6,5.5
227,COLD,SM,5,3,9,2,2,1.5,5,3.5
228,COLD,SM,5,3,9,2,2,1.5,5,3.5
229,COLD,ST,5,3,9,2,3,1.5,5,3.5
230,COLD,ST,5,3,10.5,2,3,1.5,6,5.5
231,COLD,SM,5,3,9,2,2,1.5,5,3.5
232,COLD,LG,5,3,9,2,2,1.5,5,3.5
233,COLD,ST,5,3,9,2,2,1.5,5,3.5
234,COLD,SM,5,3,9,2,2,1.5,5,3.5
235,COLD,SM,5,3,9,2,2,1.5,5,3.5
236,COLD,SM,5,3,9,2,3,1.5,5,3.5
237,COLD,ST,5,3,9,2,3,1.5,5,3.5
238,COLD,SM,5,3,9,2,3,1.5,5,3.5
239,COLD,LG,5,3,10.5,2,3,1.5,6,5.5
240,COLD,ST,5,3,9,2,3,1.5,5,3.5
241,COLD,ST,5,3,9,2,2,1.5,5,3.5
242,COLD,ST,5,3,9,2,3,1.5,5,3.5
243,COLD,SM,5,3,9,2,2,1.5,5,3.5
244,COLD,SM,5,3,9,2,3,1.5,5,3.5
245,COLD,ST,5,3,9,2,2,1.5,5,3.5
246,COLD,ST,5,3,9,2,3,1.5,5,3.5
247,COLD,ST,5,3,9,2,2,1.5,5,3.5
248,COLD,SM,5,3,9,2,2,1.5,5,3.5
249,COLD,ST,5,3,9,2,2,1.5,5,3.5
251,COLD,ST,5,3,9,2,2,1.5,5,3.5
252,COLD,SM,5,3,9,2,3,1.5,5,3.5
253,COLD,SM,5,3,9,2,2,1.5,5,3.5
254,COLD,SM,5,3,9,2,2,1.5,5,3.5
255,COLD,SM,5,2,9,2,2,1.5,5,3.5
256,COLD,SM,5,3,9,2,2,1.5,5,3.5
257,COLD,SM,5,3,9,2,2,1.5,5,3.5
258,COLD,SM,5,3,9,2,2,1.5,5,3.5
259,COLD,ST,5,3,9,2,2,1.5,5,3.5
260,COLD,SM,4,2,7.5,1.5,2,1,4,3
261,COLD,ST,5,3,9,2,2,1.5,5,3.5
262,COLD,SM,5,3,10.5,2,3,1.5,6,5.5
263,COLD,ST,5,3,9,2,2,1.5,5,3.5
264,COLD,ST,5,3,10.5,2,3,1.5,6,5.5
265,COLD,ST,5,3,9,2,2,1.5,5,3.5
266,COLD,ST,5,3,9,2,2,1.5,5,3.5
267,COLD,SM,5,3,9,2,2,1.5,5,3.5
268,COLD,ST,5,3,10.5,2,3,1.5,6,5.5
269,COLD,SM,5,3,9,2,2,1.5,5,3.5
270,COLD,ST,5,3,9,2,2,1.5,5,3.5
271,COLD,ST,5,3,9,2,3,1.5,5,3.5
272,COLD,LG,5,3,10.5,2,3,1.5,6,5.5
273,COLD,SM,5,2,9,2,3,1.5,5,3.5
274,COLD,ST,5,2,9,2,2,1.5,5,3.5
275,COLD,ST,5,3,9,2,3,1.5,5,3.5
276,COLD,SM,5,3,9,2,2,1.5,5,3.5
277,COLD,SM,5,3,9,2,2,1.5,5,3.5
278,COLD,ST,5,2,9,2,2,1.5,5,3.5
279,COLD,ST,5,3,9,2,3,1.5,5,3.5
280,COLD,SM,5,3,10.5,2,3,1.5,6,5.5
281,COLD,ST,5,3,10.5,2,3,1.5,6,5.5
282,COLD,SM,5,3,9,2,3,1.5,5,3.5
283,COLD,ST,5,3,10.5,2,3,1.5,6,5.5
284,COLD,SM,5,2,9,2,2,1.5,5,3.5
285,COLD,SM,5,2,9,2,2,1.5,5,3.5
286,COLD,SM,5,3,9,2,2,1.5,5,3.5
287,COLD,SM,5,3,9,2,2,1.5,5,3.5
288,COLD,SM,5,3,9,2,2,1.5,5,3.5
289,COLD,SM,5,3,9,2,2,1.5,5,3.5
290,COLD,ST,5,2,9,2,2,1.5,5,3.5
291,COLD,ST,5,3,9,2,3,1.5,5,3.5
292,COLD,SM,5,3,9,2,3,1.5,5,3.5
293,COLD,ST,5,3,9,2,2,1.5,5,3.5
295,COLD,ST,4,2,7.5,1.5,2,1,4,3
296,COLD,SM,5,3,9,2,2,1.5,5,3.5
297,COLD,ST,5,3,9,2,2,1.5,5,3.5
298,COLD,SM,5,3,9,2,2,1.5,5,3.5
299,COLD,SM,5,3,9,2,2,1.5,5,3.5
301,COLD,SM,5,3,9,2,2,1.5,5,3.5
302,COLD,SM,5,3,9,2,2,1.5,5,3.5
303,COLD,ST,5,2,9,2,2,1.5,5,3.5
304,COLD,ST,5,3,10.5,2,3,1.5,6,5.5
305,COLD,SM,5,3,9,2,2,1.5,5,3.5
306,COLD,ST,5,3,9,2,3,1.5,5,3.5
307,COLD,SM,5,3,10.5,2,3,1.5,6,5.5
308,COLD,ST,5,3,9,2,2,1.5,5,3.5
310,COLD,ST,5,3,9,2,2,1.5,5,3.5
311,COLD,ST,5,3,9,2,2,1.5,5,3.5
312,COLD,ST,4,2,7.5,1.5,2,1,4,3
313,COLD,ST,5,3,9,2,2,1.5,5,3.5
314,COLD,ST,5,3,9,2,3,1.5,5,3.5
315,COLD,ST,5,3,9,2,2,1.5,5,3.5
316,COLD,SM,5,3,9,2,2,1.5,5,3.5
317,COLD,SM,5,3,9,2,2,1.5,5,3.5
318,COLD,SM,5,3,9,2,2,1.5,5,3.5
319,COLD,ST,5,3,9,2,2,1.5,5,3.5
320,COLD,SM,5,3,9,2,2,1.5,5,3.5
321,COLD,ST,5,3,9,2,3,1.5,5,3.5
322,COLD,ST,5,3,9,2,2,1.5,5,3.5
323,COLD,SM,5,3,9,2,2,1.5,5,3.5
324,COLD,ST,5,3,9,2,2,1.5,5,3.5
325,COLD,ST,4,2,7.5,1.5,2,1,4,3
326,COLD,ST,5,3,9,2,2,1.5,5,3.5
327,COLD,SM,5,3,10.5,2,3,1.5,6,5.5
328,COLD,ST,5,3,9,2,2,1.5,5,3.5
329,COLD,ST,5,3,9,2,2,1.5,5,3.5
330,COLD,SM,5,3,9,2,2,1.5,5,3.5
331,COLD,ST,5,3,9,2,3,1.5,5,3.5
332,COLD,ST,5,3,9,2,2,1.5,5,3.5
333,COLD,ST,5,3,9,2,3,1.5,5,3.5
334,COLD,ST,5,3,9,2,2,1.5,5,3.5
335,COLD,ST,5,3,9,2,3,1.5,5,3.5
336,COLD,SM,5,3,9,2,2,1.5,5,3.5
337,COLD,SM,5,3,9,2,3,1.5,5,3.5
338,COLD,ST,5,3,9,2,3,1.5,5,3.5
339,COLD,ST,5,3,9,2,2,1.5,5,3.5
340,COLD,ST,5,2,9,2,2,1.5,5,3.5
341,COLD,SM,5,3,9,2,2,1.5,5,3.5
342,COLD,SM,4,2,7.5,1.5,2,1,4,3
343,COLD,SM,5,2,9,2,2,1.5,5,3.5
344,COLD,ST,5,3,9,2,3,1.5,5,3.5
345,COLD,SM,5,3,9,2,3,1.5,5,3.5
346,COLD,ST,5,3,9,2,2,1.5,5,3.5
347,COLD,ST,5,3,9,2,3,1.5,5,3.5
348,COLD,ST,5,3,9,2,3,1.5,5,3.5
349,COLD,SM,5,3,9,2,2,1.5,5,3.5
350,COLD,ST,5,3,9,2,3,1.5,5,3.5
351,COLD,ST,5,3,9,2,2,1.5,5,3.5
352,COLD,ST,5,3,9,2,3,1.5,5,3.5
353,COLD,SM,5,3,9,2,2,1.5,5,3.5
354,COLD,ST,5,3,9,2,3,1.5,5,3.5
355,COLD,SM,5,3,9,2,2,1.5,5,3.5
356,COLD,ST,5,3,9,2,3,1.5,5,3.5
357,COLD,SM,5,3,9,2,2,1.5,5,3.5
358,COLD,SM,5,3,9,2,2,1.5,5,3.5
359,COLD,ST,5,3,9,2,3,1.5,5,3.5
360,COLD,ST,5,3,9,2,2,1.5,5,3.5
361,COLD,ST,5,2,9,2,2,1.5,5,3.5
362,COLD,ST,5,2,9,2,2,1.5,5,3.5
363,COLD,ST,4,2,7.5,1.5,2,1,4,3
364,COLD,ST,5,2,9,2,2,1.5,5,3.5
365,COLD,ST,5,2,9,2,2,1.5,5,3.5
366,COLD,ST,5,3,9,2,3,1.5,5,3.5
367,COLD,SM,5,2,9,2,2,1.5,5,3.5
368,COLD,ST,5,3,9,2,3,1.5,5,3.5
369,COLD,SM,5,2,9,2,2,1.5,5,3.5
370,COLD,ST,5,2,9,2,2,1.5,5,3.5
371,COLD,SM,5,3,9,2,3,1.5,5,3.5
372,COLD,ST,5,3,9,2,2,1.5,5,3.5
373,COLD,ST,5,3,9,2,2,1.5,5,3.5
374,COLD,SM,5,3,9,2,3,1.5,5,3.5
376,COLD,SM,5,2,9,2,2,1.5,5,3.5
377,COLD,SM,5,3,10.5,2,3,1.5,6,5.5
378,COLD,SM,5,3,9,2,3,1.5,5,3.5
379,COLD,SM,5,3,9,2,3,1.5,5,3.5
380,COLD,SM,5,3,9,2,2,1.5,5,3.5
381,COLD,LG,5,3,10.5,2,3,1.5,6,5.5
382,COLD,LG,5,3,10.5,2,3,1.5,6,5.5
383,COLD,SM,5,3,9,2,2,1.5,5,3.5
384,COLD,SM,5,3,9,2,2,1.5,5,3.5
385,COLD,SM,5,3,9,2,3,1.5,5,3.5
386,COLD,LG,5,3,10.5,2,3,1.5,6,5.5
387,COLD,LG,5,3,9,2,2,1.5,5,3.5
388,COLD,SM,5,2,9,2,2,1.5,5,3.5
389,COLD,SM,5,3,9,2,2,1.5,5,3.5
390,COLD,ST,5,3,9,2,3,1.5,5,3.5
391,COLD,SM,5,3,9,2,3,1.5,5,3.5
392,COLD,SM,5,3,9,2,2,1.5,5,3.5
393,COLD,SM,5,3,9,2,3,1.5,5,3.5
394,COLD,ST,5,3,9,2,2,1.5,5,3.5
395,COLD,ST,5,2,9,2,2,1.5,5,3.5
396,COLD,ST,5,3,9,2,3,1.5,5,3.5
397,COLD,LG,5,3,10.5,2,3,1.5,6,5.5
398,COLD,ST,5,3,9,2,2,1.5,5,3.5
399,COLD,ST,4,2,7.5,1.5,2,1,4,3
401,COLD,SM,5,3,9,2,2,1.5,5,3.5
402,COLD,SM,4,2,7.5,1.5,2,1,4,3
403,COLD,ST,5,3,9,2,2,1.5,5,3.5
405,COLD,ST,5,3,9,2,2,1.5,5,3.5
406,COLD,ST,5,2,9,2,2,1.5,5,3.5
407,COLD,SM,5,3,9,2,2,1.5,5,3.5
408,COLD,ST,5,3,9,2,3,1.5,5,3.5
409,COLD,ST,4,2,7.5,1.5,2,1,4,3
411,COLD,ST,5,3,9,2,3,1.5,5,3.5
413,COLD,SM,4,2,7.5,1.5,2,1,4,3
414,COLD,SM,5,2,9,2,3,1.5,5,3.5
415,COLD,ST,5,3,9,2,2,1.5,5,3.5
416,COLD,ST,5,2,9,2,3,1.5,5,3.5
417,COLD,LG,5,3,9,2,3,1.5,5,3.5
418,COLD,LG,5,3,9,2,3,1.5,5,3.5
419,COLD,SM,5,2,9,2,2,1.5,5,3.5
420,COLD,ST,5,3,9,2,2,1.5,5,3.5
421,COLD,SM,5,3,9,2,2,1.5,5,3.5
422,COLD,ST,5,3,9,2,2,1.5,5,3.5
423,COLD,ST,4,2,7.5,1.5,2,1,4,3
424,COLD,SM,5,3,9,2,3,1.5,5,3.5
425,COLD,ST,5,3,10.5,2,3,1.5,6,5.5
426,COLD,ST,5,3,9,2,2,1.5,5,3.5
427,COLD,SM,5,3,10.5,2,3,1.5,6,5.5
428,COLD,ST,5,3,9,2,2,1.5,5,3.5
429,COLD,ST,5,3,9,2,2,1.5,5,3.5
430,COLD,LG,5,3,9,2,2,1.5,5,3.5
431,COLD,ST,5,3,9,2,3,1.5,5,3.5
432,COLD,ST,5,3,9,2,2,1.5,5,3.5
433,COLD,ST,5,3,10.5,2,3,1.5,6,5.5
434,COLD,ST,5,3,10.5,2,3,1.5,6,5.5
435,COLD,ST,5,3,9,2,2,1.5,5,3.5
436,COLD,ST,5,3,9,2,2,1.5,5,3.5
437,COLD,SM,4,2,7.5,1.5,2,1,4,3
438,COLD,ST,5,2,9,2,2,1.5,5,3.5
439,COLD,ST,5,3,9,2,2,1.5,5,3.5
440,COLD,ST,5,3,10.5,2,3,1.5,6,5.5
441,COLD,ST,5,3,9,2,2,1.5,5,3.5
442,COLD,ST,5,3,9,2,2,1.5,5,3.5
443,COLD,ST,5,3,9,2,2,1.5,5,3.5
444,COLD,ST,5,3,9,2,2,1.5,5,3.5
445,COLD,ST,5,3,9,2,2,1.5,5,3.5
446,COLD,ST,5,3,9,2,2,1.5,5,3.5
447,COLD,ST,4,2,7.5,1.5,2,1,4,3
449,COLD,ST,4,2,7.5,1.5,2,1,4,3
450,COLD,ST,5,3,9,2,3,1.5,5,3.5
451,COLD,ST,5,3,9,2,2,1.5,5,3.5
452,COLD,SM,4,2,7.5,1.5,2,1,4,3
453,COLD,ST,5,3,9,2,2,1.5,5,3.5
454,COLD,ST,5,3,9,2,2,1.5,5,3.5
455,COLD,SM,5,3,9,2,2,1.5,5,3.5
456,COLD,SM,5,3,9,2,2,1.5,5,3.5
457,COLD,ST,5,3,9,2,2,1.5,5,3.5
458,COLD,SM,5,3,9,2,3,1.5,5,3.5
459,COLD,ST,5,3,9,2,3,1.5,5,3.5
460,COLD,SM,5,3,9,2,3,1.5,5,3.5
461,COLD,LG,5,3,9,2,3,1.5,5,3.5
462,COLD,ST,5,3,9,2,2,1.5,5,3.5
463,COLD,SM,5,3,9,2,2,1.5,5,3.5
464,COLD,ST,5,3,9,2,2,1.5,5,3.5
465,COLD,SM,5,3,9,2,2,1.5,5,3.5
466,COLD,SM,5,3,9,2,3,1.5,5,3.5
467,COLD,ST,5,3,9,2,2,1.5,5,3.5
468,COLD,ST,5,2,9,2,3,1.5,5,3.5
469,COLD,ST,5,3,9,2,3,1.5,5,3.5
470,COLD,ST,5,3,9,2,2,1.5,5,3.5
471,COLD,ST,5,2,9,2,3,1.5,5,3.5
472,COLD,SM,5,3,9,2,2,1.5,5,3.5
473,COLD,ST,5,3,9,2,2,1.5,5,3.5
474,COLD,SM,5,3,9,2,2,1.5,5,3.5
475,COLD,ST,5,3,9,2,2,1.5,5,3.5
476,COLD,ST,5,3,9,2,3,1.5,5,3.5
477,COLD,ST,5,2,9,2,2,1.5,5,3.5
478,COLD,ST,5,3,9,2,2,1.5,5,3.5
479,COLD,ST,5,3,9,2,2,1.5,5,3.5
480,COLD,ST,5,3,9,2,2,1.5,5,3.5
481,COLD,ST,5,3,9,2,2,1.5,5,3.5
482,COLD,ST,5,3,9,2,2,1.5,5,3.5
483,COLD,ST,5,2,9,2,2,1.5,5,3.5
484,COLD,SM,5,3,9,2,2,1.5,5,3.5
485,COLD,SM,5,3,9,2,2,1.5,5,3.5
486,COLD,SM,5,3,9,2,2,1.5,5,3.5
487,COLD,SM,5,3,9,2,2,1.5,5,3.5
488,COLD,SM,5,3,10.5,2,3,1.5,6,5.5
489,COLD,ST,5,3,9,2,2,1.5,5,3.5
490,COLD,LG,5,3,10.5,2,3,1.5,6,5.5
491,COLD,ST,5,3,9,2,2,1.5,5,3.5
492,COLD,ST,5,3,9,2,2,1.5,5,3.5
493,COLD,ST,5,3,9,2,2,1.5,5,3.5
494,COLD,ST,5,3,9,2,2,1.5,5,3.5
495,COLD,ST,5,3,10.5,2,3,1.5,6,5.5
496,COLD,ST,5,3,9,2,2,1.5,5,3.5
500,COLD,ST,5,3,9,2,2,1.5,5,3.5
501,COLD,ST,5,3,9,2,2,1.5,5,3.5
502,COLD,ST,5,3,10.5,2,3,1.5,6,5.5
503,COLD,ST,5,3,9,2,3,1.5,5,3.5
504,COLD,ST,5,3,9,2,3,1.5,5,3.5
505,COLD,LG,5,2,9,2,2,1.5,5,3.5
506,COLD,ST,5,3,9,2,2,1.5,5,3.5
507,COLD,ST,4,2,7.5,1.5,2,1,4,3
508,COLD,ST,4,2,7.5,1.5,2,1,4,3
509,COLD,SM,5,2,9,2,2,1.5,5,3.5
510,COLD,ST,5,2,9,2,2,1.5,5,3.5
511,COLD,SM,5,2,9,2,2,1.5,5,3.5
512,COLD,ST,5,3,9,2,3,1.5,5,3.5
513,COLD,ST,5,3,10.5,2,3,1.5,6,5.5
514,COLD,ST,5,3,9,2,2,1.5,5,3.5
515,COLD,ST,5,2,9,2,2,1.5,5,3.5
516,COLD,ST,5,3,9,2,2,1.5,5,3.5
517,COLD,LG,5,2,9,2,2,1.5,5,3.5
518,COLD,ST,5,3,9,2,2,1.5,5,3.5
519,COLD,ST,5,3,9,2,3,1.5,5,3.5
520,COLD,ST,5,3,9,2,2,1.5,5,3.5
521,COLD,ST,5,3,9,2,2,1.5,5,3.5
522,COLD,ST,5,3,9,2,2,1.5,5,3.5
523,COLD,LG,5,3,9,2,2,1.5,5,3.5
524,COLD,SM,5,3,9,2,3,1.5,5,3.5
525,COLD,ST,5,3,9,2,3,1.5,5,3.5
526,COLD,ST,5,3,9,2,2,1.5,5,3.5
527,COLD,ST,5,2,9,2,3,1.5,5,3.5
528,COLD,LG,5,3,9,2,2,1.5,5,3.5
529,COLD,LG,5,3,9,2,2,1.5,5,3.5
530,COLD,ST,5,3,9,2,3,1.5,5,3.5
531,COLD,LG,5,3,9,2,2,1.5,5,3.5
532,COLD,SM,5,3,9,2,2,1.5,5,3.5
533,COLD,LG,5,3,9,2,2,1.5,5,3.5
534,COLD,ST,5,3,9,2,2,1.5,5,3.5
535,COLD,ST,5,2,9,2,2,1.5,5,3.5
536,COLD,SM,5,3,9,2,3,1.5,5,3.5
537,COLD,SM,5,3,9,2,3,1.5,5,3.5
538,COLD,ST,5,3,9,2,3,1.5,5,3.5
539,COLD,ST,5,3,10.5,2,3,1.5,6,5.5
540,COLD,LG,5,3,9,2,2,1.5,5,3.5
541,COLD,ST,5,3,10.5,2,3,1.5,6,5.5
542,COLD,LG,5,3,10.5,2,3,1.5,6,5.5
543,COLD,LG,5,3,10.5,2,3,1.5,6,5.5
544,COLD,ST,4,2,7.5,1.5,2,1,4,3
545,COLD,SM,5,3,9,2,3,1.5,5,3.5
546,COLD,ST,5,3,9,2,2,1.5,5,3.5
547,COLD,ST,5,3,9,2,3,1.5,5,3.5
548,COLD,ST,5,2,9,2,2,1.5,5,3.5
549,COLD,ST,5,3,9,2,3,1.5,5,3.5
550,COLD,LG,5,2,9,2,2,1.5,5,3.5
551,COLD,SM,5,3,9,2,3,1.5,5,3.5
552,COLD,ST,4,2,7.5,1.5,2,1,4,3
553,COLD,ST,4,2,7.5,1.5,2,1,4,3
554,COLD,ST,5,2,9,2,3,1.5,5,3.5
555,COLD,ST,5,2,9,2,3,1.5,5,3.5
556,COLD,ST,5,2,9,2,2,1.5,5,3.5
557,COLD,ST,5,2,9,2,2,1.5,5,3.5
558,COLD,ST,5,3,10.5,2,3,1.5,6,5.5
559,COLD,ST,5,3,9,2,2,1.5,5,3.5
560,COLD,ST,5,3,9,2,2,1.5,5,3.5
562,COLD,ST,5,3,9,2,3,1.5,5,3.5
563,COLD,ST,5,3,9,2,2,1.5,5,3.5
564,COLD,SM,4,2,7.5,1.5,2,1,4,3
565,COLD,SM,4,2,7.5,1.5,2,1,4,3
567,COLD,SM,4,2,7.5,1.5,2,1,4,3
568,COLD,SM,4,2,7.5,1.5,2,1,4,3
569,COLD,ST,5,3,9,2,3,1.5,5,3.5
570,COLD,ST,5,3,9,2,2,1.5,5,3.5
571,COLD,LG,5,2,9,2,2,1.5,5,3.5
574,COLD,ST,5,3,9,2,3,1.5,5,3.5
575,COLD,ST,5,3,9,2,2,1.5,5,3.5
576,COLD,ST,5,3,9,2,2,1.5,5,3.5
577,COLD,ST,5,3,9,2,2,1.5,5,3.5
579,COLD,ST,5,3,9,2,2,1.5,5,3.5
580,COLD,ST,5,3,9,2,3,1.5,5,3.5
581,COLD,SM,5,2,9,2,3,1.5,5,3.5
583,COLD,ST,5,3,9,2,3,1.5,5,3.5
584,COLD,ST,5,3,9,2,2,1.5,5,3.5
585,COLD,SM,5,2,9,2,3,1.5,5,3.5
586,COLD,ST,5,3,9,2,2,1.5,5,3.5
587,COLD,ST,5,2,9,2,2,1.5,5,3.5
588,COLD,ST,5,2,9,2,3,1.5,5,3.5
589,COLD,SM,5,2,9,2,3,1.5,5,3.5
590,COLD,SM,5,2,9,2,2,1.5,5,3.5
591,COLD,ST,5,2,9,2,2,1.5,5,3.5
592,COLD,ST,5,2,9,2,2,1.5,5,3.5
593,COLD,LG,5,2,9,2,2,1.5,5,3.5
595,COLD,SM,5,3,9,2,3,1.5,5,3.5
596,COLD,ST,5,2,9,2,3,1.5,5,3.5
598,COLD,ST,4,2,7.5,1.5,2,1,4,3
599,COLD,ST,5,2,9,2,2,1.5,5,3.5
600,COLD,ST,4,2,7.5,1.5,2,1,4,3
601,COLD,ST,5,2,9,2,3,1.5,5,3.5
602,COLD,ST,5,2,9,2,3,1.5,5,3.5
603,COLD,SM,5,2,9,2,2,1.5,5,3.5
604,COLD,SM,5,3,9,2,3,1.5,5,3.5
605,COLD,ST,5,3,9,2,3,1.5,5,3.5
606,COLD,ST,4,2,7.5,1.5,2,1,4,3
607,COLD,ST,5,2,9,2,3,1.5,5,3.5
608,COLD,ST,5,2,9,2,2,1.5,5,3.5
609,COLD,ST,5,3,9,2,2,1.5,5,3.5
610,COLD,ST,5,3,9,2,2,1.5,5,3.5
611,COLD,ST,5,3,9,2,2,1.5,5,3.5
612,COLD,ST,5,3,10.5,2,3,1.5,6,5.5
613,COLD,ST,5,2,9,2,3,1.5,5,3.5
614,COLD,ST,5,2,9,2,3,1.5,5,3.5
615,COLD,ST,5,3,9,2,2,1.5,5,3.5
616,COLD,ST,5,3,9,2,2,1.5,5,3.5
618,COLD,ST,4,2,7.5,1.5,2,1,4,3
619,COLD,LG,5,2,9,2,2,1.5,5,3.5
620,COLD,ST,4,2,7.5,1.5,2,1,4,3
621,COLD,ST,5,2,9,2,2,1.5,5,3.5
622,COLD,ST,5,3,9,2,3,1.5,5,3.5
623,COLD,ST,5,3,10.5,2,3,1.5,6,5.5
624,COLD,SM,5,3,10.5,2,3,1.5,6,5.5
625,COLD,ST,5,3,9,2,3,1.5,5,3.5
626,COLD,ST,5,3,9,2,2,1.5,5,3.5
627,COLD,ST,5,3,9,2,3,1.5,5,3.5
630,COLD,ST,5,2,9,2,2,1.5,5,3.5
631,COLD,ST,5,3,9,2,3,1.5,5,3.5
632,COLD,ST,4,2,7.5,1.5,2,1,4,3
633,COLD,SM,5,2,9,2,3,1.5,5,3.5
634,COLD,SM,5,3,9,2,2,1.5,5,3.5
636,COLD,SM,5,2,9,2,3,1.5,5,3.5
638,COLD,ST,5,2,9,2,3,1.5,5,3.5
639,COLD,SM,5,3,9,2,3,1.5,5,3.5
640,COLD,ST,5,3,9,2,2,1.5,5,3.5
641,COLD,ST,5,3,9,2,2,1.5,5,3.5
642,COLD,SM,5,2,9,2,3,1.5,5,3.5
643,COLD,ST,5,3,9,2,3,1.5,5,3.5
644,COLD,SM,5,2,9,2,3,1.5,5,3.5
645,COLD,ST,5,3,9,2,2,1.5,5,3.5
646,COLD,ST,5,3,9,2,2,1.5,5,3.5
647,COLD,SM,5,3,9,2,3,1.5,5,3.5
648,COLD,SM,5,2,9,2,2,1.5,5,3.5
649,COLD,ST,5,3,9,2,2,1.5,5,3.5
650,COLD,ST,5,3,9,2,2,1.5,5,3.5
652,COLD,ST,5,3,9,2,3,1.5,5,3.5
653,COLD,ST,5,2,9,2,3,1.5,5,3.5
654,COLD,SM,5,3,9,2,3,1.5,5,3.5
655,COLD,ST,5,3,9,2,2,1.5,5,3.5
656,COLD,ST,5,3,9,2,3,1.5,5,3.5
657,COLD,SM,5,3,9,2,2,1.5,5,3.5
658,COLD,ST,5,2,9,2,3,1.5,5,3.5
659,COLD,SM,4,2,7.5,1.5,2,1,4,3
660,COLD,ST,5,3,9,2,3,1.5,5,3.5
661,COLD,SM,5,3,9,2,2,1.5,5,3.5
662,COLD,SM,5,3,9,2,2,1.5,5,3.5
663,COLD,LG,5,3,9,2,3,1.5,5,3.5
664,COLD,SM,5,3,9,2,2,1.5,5,3.5
665,COLD,ST,5,3,9,2,2,1.5,5,3.5
667,COLD,SM,5,2,9,2,3,1.5,5,3.5
668,COLD,ST,5,2,9,2,3,1.5,5,3.5
669,COLD,SM,5,2,9,2,3,1.5,5,3.5
671,COLD,ST,5,3,9,2,3,1.5,5,3.5
672,COLD,ST,5,3,9,2,2,1.5,5,3.5
673,COLD,ST,5,2,9,2,2,1.5,5,3.5
674,COLD,LG,5,3,10.5,2,3,1.5,6,5.5
675,COLD,ST,5,2,9,2,3,1.5,5,3.5
677,COLD,ST,5,2,9,2,3,1.5,5,3.5
678,COLD,SM,5,3,9,2,2,1.5,5,3.5
679,COLD,SM,5,3,10.5,2,3,1.5,6,5.5
680,COLD,ST,5,3,9,2,3,1.5,5,3.5
681,COLD,ST,5,3,9,2,2,1.5,5,3.5
682,COLD,SM,4,2,7.5,1.5,2,1,4,3
683,COLD,ST,4,2,7.5,1.5,2,1,4,3
685,COLD,SM,5,2,9,2,3,1.5,5,3.5
686,COLD,ST,5,3,9,2,3,1.5,5,3.5
687,COLD,ST,5,2,9,2,2,1.5,5,3.5
688,COLD,SM,5,3,9,2,2,1.5,5,3.5
689,COLD,ST,5,3,9,2,3,1.5,5,3.5
690,COLD,ST,5,3,10.5,2,3,1.5,6,5.5
691,COLD,LG,5,3,9,2,3,1.5,5,3.5
692,COLD,ST,5,3,9,2,3,1.5,5,3.5
693,COLD,SM,5,2,9,2,2,1.5,5,3.5
694,COLD,ST,5,3,9,2,2,1.5,5,3.5
695,COLD,ST,5,3,9,2,3,1.5,5,3.5
696,COLD,ST,5,3,9,2,2,1.5,5,3.5
697,COLD,ST,5,3,10.5,2,3,1.5,6,5.5
698,COLD,ST,5,3,9,2,2,1.5,5,3.5
699,COLD,ST,5,3,9,2,2,1.5,5,3.5
700,COLD,ST,5,3,9,2,3,1.5,5,3.5
701,COLD,ST,5,2,9,2,3,1.5,5,3.5
702,COLD,ST,5,3,9,2,3,1.5,5,3.5
703,COLD,ST,5,3,9,2,2,1.5,5,3.5
704,COLD,ST,5,3,9,2,2,1.5,5,3.5
705,COLD,ST,4,2,7.5,1.5,2,1,4,3
706,COLD,ST,5,3,9,2,2,1.5,5,3.5
707,COLD,ST,5,3,9,2,3,1.5,5,3.5
708,COLD,ST,5,2,9,2,2,1.5,5,3.5
709,COLD,ST,5,2,9,2,3,1.5,5,3.5
710,COLD,ST,5,3,9,2,3,1.5,5,3.5
711,COLD,SM,5,3,10.5,2,3,1.5,6,5.5
712,COLD,SM,5,3,9,2,3,1.5,5,3.5
713,COLD,ST,5,3,9,2,3,1.5,5,3.5
714,COLD,ST,4,2,7.5,1.5,2,1,4,3
715,COLD,ST,5,2,9,2,3,1.5,5,3.5
716,COLD,ST,5,2,9,2,2,1.5,5,3.5
717,COLD,ST,5,3,9,2,2,1.5,5,3.5
718,COLD,ST,5,3,9,2,2,1.5,5,3.5
719,COLD,SM,5,3,9,2,2,1.5,5,3.5
720,COLD,ST,5,3,9,2,2,1.5,5,3.5
721,COLD,ST,5,3,9,2,2,1.5,5,3.5
722,COLD,ST,5,3,9,2,3,1.5,5,3.5
723,COLD,ST,5,2,9,2,3,1.5,5,3.5
724,COLD,ST,5,3,9,2,3,1.5,5,3.5
725,COLD,LG,5,3,10.5,2,3,1.5,6,5.5
726,COLD,ST,4,2,7.5,1.5,2,1,4,3
727,COLD,LG,4,2,7.5,1.5,2,1,4,3
728,COLD,ST,4,2,7.5,1.5,2,1,4,3
729,COLD,SM,5,3,9,2,3,1.5,5,3.5
730,COLD,ST,5,3,9,2,2,1.5,5,3.5
731,COLD,ST,5,3,9,2,2,1.5,5,3.5
732,COLD,SM,5,2,9,2,2,1.5,5,3.5
733,COLD,ST,5,3,9,2,3,1.5,5,3.5
734,COLD,ST,5,3,9,2,3,1.5,5,3.5
735,COLD,ST,5,3,9,2,3,1.5,5,3.5
736,COLD,ST,5,3,9,2,2,1.5,5,3.5
737,COLD,ST,5,2,9,2,2,1.5,5,3.5
738,COLD,ST,5,2,9,2,2,1.5,5,3.5
739,COLD,ST,5,2,9,2,2,1.5,5,3.5
740,COLD,ST,5,2,9,2,2,1.5,5,3.5
741,COLD,ST,5,3,9,2,2,1.5,5,3.5
742,COLD,ST,5,3,10.5,2,3,1.5,6,5.5
743,COLD,ST,5,3,10.5,2,3,1.5,6,5.5
744,COLD,ST,5,2,9,2,2,1.5,5,3.5
745,COLD,ST,5,3,9,2,2,1.5,5,3.5
746,COLD,ST,5,3,9,2,3,1.5,5,3.5
747,COLD,ST,5,3,10.5,2,3,1.5,6,5.5
748,COLD,ST,5,3,9,2,2,1.5,5,3.5
749,COLD,SM,5,3,9,2,2,1.5,5,3.5
752,COLD,LG,4,2,7.5,1.5,2,1,4,3
753,COLD,ST,5,2,9,2,3,1.5,5,3.5
755,COLD,ST,5,3,9,2,3,1.5,5,3.5
756,COLD,ST,5,3,9,2,3,1.5,5,3.5
757,COLD,ST,5,3,9,2,3,1.5,5,3.5
758,COLD,ST,5,2,9,2,3,1.5,5,3.5
759,COLD,ST,4,2,7.5,1.5,2,1,4,3
760,COLD,ST,5,2,9,2,2,1.5,5,3.5
761,COLD,ST,5,2,9,2,2,1.5,5,3.5
762,COLD,LG,4,2,7.5,1.5,2,1,4,3
763,COLD,ST,5,2,9,2,3,1.5,5,3.5
765,COLD,ST,5,3,9,2,2,1.5,5,3.5
766,COLD,ST,5,3,9,2,3,1.5,5,3.5
767,COLD,LG,5,3,9,2,2,1.5,5,3.5
768,COLD,ST,5,3,9,2,2,1.5,5,3.5
769,COLD,SM,5,3,10.5,2,3,1.5,6,5.5
770,COLD,ST,5,3,9,2,2,1.5,5,3.5
771,COLD,ST,5,3,9,2,2,1.5,5,3.5
772,COLD,ST,5,3,9,2,2,1.5,5,3.5
773,COLD,LG,5,2,9,2,3,1.5,5,3.5
774,COLD,ST,4,2,7.5,1.5,2,1,4,3
775,COLD,SM,5,3,9,2,2,1.5,5,3.5
776,COLD,ST,5,3,9,2,2,1.5,5,3.5
777,COLD,ST,5,3,9,2,2,1.5,5,3.5
778,COLD,ST,5,2,9,2,2,1.5,5,3.5
779,COLD,LG,5,3,9,2,2,1.5,5,3.5
780,COLD,SM,5,3,9,2,2,1.5,5,3.5
781,COLD,LG,5,3,10.5,2,3,1.5,6,5.5
782,COLD,ST,5,3,10.5,2,3,1.5,6,5.5
783,COLD,ST,5,3,9,2,3,1.5,5,3.5
784,COLD,ST,5,3,9,2,2,1.5,5,3.5
785,COLD,LG,5,3,9,2,2,1.5,5,3.5
786,COLD,ST,5,2,9,2,3,1.5,5,3.5
787,COLD,ST,5,3,9,2,3,1.5,5,3.5
788,COLD,ST,5,3,9,2,3,1.5,5,3.5
789,COLD,ST,5,3,10.5,2,3,1.5,6,5.5
790,COLD,ST,4,2,7.5,1.5,2,1,4,3
795,COLD,LG,5,3,9,2,3,1.5,5,3.5
796,COLD,LG,4,2,7.5,1.5,2,1,4,3
797,COLD,ST,5,2,9,2,3,1.5,5,3.5
798,COLD,LG,5,2,9,2,3,1.5,5,3.5
799,COLD,ST,5,2,9,2,3,1.5,5,3.5
951,COLD,ST,5,2,9,2,3,1.5,5,3.5
952,COLD,ST,5,2,9,2,3,1.5,5,3.5
953,COLD,LG,5,2,9,2,3,1.5,5,3.5
954,COLD,ST,4,2,7.5,1.5,2,1,4,3
955,COLD,ST,5,2,9,2,3,1.5,5,3.5
956,COLD,ST,5,3,9,2,2,1.5,5,3.5
957,COLD,ST,5,3,9,2,2,1.5,5,3.5
958,COLD,ST,5,2,9,2,3,1.5,5,3.5
960,COLD,ST,5,2,9,2,3,1.5,5,3.5
962,COLD,ST,5,3,9,2,2,1.5,5,3.5
963,COLD,ST,5,3,9,2,3,1.5,5,3.5
964,COLD,ST,5,3,9,2,3,1.5,5,3.5
967,COLD,LG,5,3,9,2,2,1.5,5,3.5
968,COLD,LG,5,2,9,2,2,1.5,5,3.5
969,COLD,LG,5,2,9,2,2,1.5,5,3.5
970,COLD,ST,5,3,9,2,3,1.5,5,3.5
971,COLD,LG,5,3,9,2,2,1.5,5,3.5
973,COLD,ST,5,3,9,2,3,1.5,5,3.5
974,COLD,ST,5,2,9,2,2,1.5,5,3.5
975,COLD,ST,5,3,9,2,3,1.5,5,3.5
976,COLD,ST,4,2,7.5,1.5,2,1,4,3
977,COLD,LG,5,3,9,2,2,1.5,5,3.5
978,COLD,ST,5,3,9,2,3,1.5,5,3.5
980,COLD,SM,5,3,9,2,3,1.5,5,3.5
981,COLD,ST,5,2,9,2,3,1.5,5,3.5
982,COLD,LG,5,3,9,2,3,1.5,5,3.5
983,COLD,ST,5,3,9,2,3,1.5,5,3.5
985,COLD,ST,5,3,9,2,2,1.5,5,3.5
986,COLD,SM,4,2,7.5,1.5,2,1,4,3
987,COLD,ST,5,3,10.5,2,3,1.5,6,5.5
988,COLD,SM,5,3,9,2,2,1.5,5,3.5
989,COLD,ST,5,3,9,2,2,1.5,5,3.5
990,COLD,ST,5,3,9,2,2,1.5,5,3.5
991,COLD,ST,5,2,9,2,2,1.5,5,3.5
992,COLD,ST,5,3,9,2,2,1.5,5,3.5
993,COLD,SM,4,2,7.5,1.5,2,1,4,3
994,COLD,ST,4,2,7.5,1.5,2,1,4,3
995,COLD,SM,4,2,7.5,1.5,2,1,4,3
996,COLD,ST,5,3,9,2,2,1.5,5,3.5
997,COLD,LG,5,3,9,2,2,1.5,5,3.5
998,COLD,SM,4,2,7.5,1.5,2,1,4,3
1002,COLD,ST,5,3,9,2,2,1.5,5,3.5
1003,COLD,ST,5,2,9,2,2,1.5,5,3.5
1004,COLD,ST,5,3,9,2,2,1.5,5,3.5
1005,COLD,LG,5,3,9,2,2,1.5,5,3.5
1006,COLD,SM,5,2,9,2,2,1.5,5,3.5
1007,COLD,SM,4,2,7.5,1.5,2,1,4,3
1008,COLD,SM,4,2,7.5,1.5,2,1,4,3
1009,COLD,ST,5,3,9,2,2,1.5,5,3.5
1010,COLD,ST,5,3,9,2,2,1.5,5,3.5
1011,COLD,SM,4,2,7.5,1.5,2,1,4,3
1012,COLD,SM,4,2,7.5,1.5,2,1,4,3
1013,COLD,LG,5,2,9,2,3,1.5,5,3.5
1014,COLD,ST,5,3,9,2,3,1.5,5,3.5
1015,COLD,LG,5,3,9,2,3,1.5,5,3.5
1016,COLD,SM,5,2,9,2,2,1.5,5,3.5
1017,COLD,LG,5,3,9,2,2,1.5,5,3.5
1018,COLD,ST,5,2,9,2,3,1.5,5,3.5
1019,COLD,ST,5,3,9,2,3,1.5,5,3.5
1020,COLD,SM,4,2,7.5,1.5,2,1,4,3
1021,COLD,ST,4,2,7.5,1.5,2,1,4,3
1022,COLD,SM,4,2,7.5,1.5,2,1,4,3
1023,COLD,LG,5,3,9,2,3,1.5,5,3.5
1024,COLD,SM,5,3,9,2,2,1.5,5,3.5
1025,COLD,LG,5,2,9,2,3,1.5,5,3.5
1026,COLD,LG,5,2,9,2,3,1.5,5,3.5
1027,COLD,SM,4,2,7.5,1.5,2,1,4,3
1028,COLD,LG,5,3,9,2,3,1.5,5,3.5
1029,COLD,SM,5,3,9,2,2,1.5,5,3.5
1030,COLD,SM,5,3,9,2,2,1.5,5,3.5
1031,COLD,ST,5,3,9,2,3,1.5,5,3.5
1032,COLD,ST,5,2,9,2,2,1.5,5,3.5
1033,COLD,ST,4,2,7.5,1.5,2,1,4,3
1034,COLD,ST,5,3,9,2,2,1.5,5,3.5
1035,COLD,LG,5,2,9,2,2,1.5,5,3.5
1036,COLD,LG,5,2,9,2,2,1.5,5,3.5
1037,COLD,ST,5,2,9,2,2,1.5,5,3.5
1038,COLD,ST,4,2,7.5,1.5,2,1,4,3
1040,COLD,LG,5,3,9,2,3,1.5,5,3.5
1041,COLD,SM,5,3,9,2,2,1.5,5,3.5
1042,COLD,SM,5,3,9,2,2,1.5,5,3.5
1043,COLD,SM,4,2,7.5,1.5,2,1,4,3
1044,COLD,LG,5,2,9,2,3,1.5,5,3.5
1045,COLD,ST,4,2,7.5,1.5,2,1,4,3
1046,COLD,LG,5,3,9,2,3,1.5,5,3.5
1047,COLD,ST,5,3,9,2,3,1.5,5,3.5
1048,COLD,LG,5,3,9,2,2,1.5,5,3.5
1049,COLD,SM,4,2,7.5,1.5,2,1,4,3
1050,COLD,LG,5,3,9,2,2,1.5,5,3.5
1051,COLD,ST,5,3,10.5,2,3,1.5,6,5.5
1052,COLD,SM,5,3,9,2,2,1.5,5,3.5
1053,COLD,SM,5,3,9,2,2,1.5,5,3.5
1054,COLD,LG,5,3,9,2,2,1.5,5,3.5
1055,COLD,SM,4,2,7.5,1.5,2,1,4,3
1056,COLD,LG,5,3,10.5,2,3,1.5,6,5.5
1057,COLD,SM,5,3,9,2,2,1.5,5,3.5
1058,COLD,SM,4,2,7.5,1.5,2,1,4,3
1059,COLD,ST,4,2,7.5,1.5,2,1,4,3
1060,COLD,SM,4,2,7.5,1.5,2,1,4,3
1062,COLD,SM,4,2,7.5,1.5,2,1,4,3
1063,COLD,ST,5,3,10.5,2,3,1.5,6,5.5
1064,COLD,LG,4,2,7.5,1.5,2,1,4,3
1065,COLD,LG,5,2,9,2,2,1.5,5,3.5
1066,COLD,SM,4,2,7.5,1.5,2,1,4,3
1067,COLD,LG,5,2,9,2,2,1.5,5,3.5
1068,COLD,SM,4,2,7.5,1.5,2,1,4,3
1069,COLD,LG,5,2,9,2,2,1.5,5,3.5
1070,COLD,SM,4,2,7.5,1.5,2,1,4,3
1071,COLD,LG,5,3,9,2,3,1.5,5,3.5
1072,COLD,SM,4,2,7.5,1.5,2,1,4,3
1073,COLD,LG,5,3,9,2,3,1.5,5,3.5
1075,COLD,SM,4,2,7.5,1.5,2,1,4,3
1076,COLD,SM,5,3,9,2,3,1.5,5,3.5
1077,COLD,ST,5,3,9,2,3,1.5,5,3.5
1078,COLD,ST,5,3,9,2,2,1.5,5,3.5
1079,COLD,SM,4,2,7.5,1.5,2,1,4,3
1081,COLD,SM,4,2,7.5,1.5,2,1,4,3
1082,COLD,SM,4,2,7.5,1.5,2,1,4,3
1083,COLD,LG,5,3,10.5,2,3,1.5,6,5.5
1084,COLD,LG,4,2,7.5,1.5,2,1,4,3
1085,COLD,SM,5,3,9,2,2,1.5,5,3.5
1086,COLD,SM,4,2,7.5,1.5,2,1,4,3
1087,COLD,SM,5,3,9,2,2,1.5,5,3.5
1089,COLD,SM,4,2,7.5,1.5,2,1,4,3
1091,COLD,SM,4,2,7.5,1.5,2,1,4,3
1092,COLD,LG,5,2,9,2,3,1.5,5,3.5
1093,COLD,SM,4,2,7.5,1.5,2,1,4,3
1094,COLD,LG,5,3,9,2,2,1.5,5,3.5
1095,COLD,ST,4,2,7.5,1.5,2,1,4,3
1096,COLD,LG,5,3,10.5,2,3,1.5,6,5.5
1097,COLD,LG,5,3,9,2,2,1.5,5,3.5
1098,COLD,SM,4,2,7.5,1.5,2,1,4,3
1102,COLD,LG,4,2,7.5,1.5,2,1,4,3
1103,COLD,SM,5,3,9,2,2,1.5,5,3.5
1104,COLD,ST,5,3,9,2,2,1.5,5,3.5
1105,COLD,ST,4,2,7.5,1.5,2,1,4,3
1106,COLD,SM,4,2,7.5,1.5,2,1,4,3
1107,COLD,ST,4,2,7.5,1.5,2,1,4,3
1108,COLD,ST,5,3,9,2,2,1.5,5,3.5
1109,COLD,SM,4,2,7.5,1.5,2,1,4,3
1110,COLD,ST,5,2,9,2,2,1.5,5,3.5
1111,COLD,SM,5,3,9,2,2,1.5,5,3.5
1112,COLD,SM,4,2,7.5,1.5,2,1,4,3
1113,COLD,ST,5,3,9,2,2,1.5,5,3.5
1115,COLD,ST,4,2,7.5,1.5,2,1,4,3
1117,COLD,ST,4,2,7.5,1.5,2,1,4,3
1118,COLD,ST,5,3,9,2,2,1.5,5,3.5
1119,COLD,ST,5,3,9,2,2,1.5,5,3.5
1121,COLD,ST,5,3,9,2,3,1.5,5,3.5
1122,COLD,ST,5,2,9,2,3,1.5,5,3.5
1123,COLD,LG,5,3,9,2,3,1.5,5,3.5
1124,COLD,LG,5,3,9,2,3,1.5,5,3.5
1125,COLD,ST,4,2,7.5,1.5,2,1,4,3
1126,COLD,LG,4,2,7.5,1.5,2,1,4,3
1127,COLD,ST,4,2,7.5,1.5,2,1,4,3
1128,COLD,ST,4,2,7.5,1.5,2,1,4,3
1130,COLD,LG,4,2,7.5,1.5,2,1,4,3
1132,COLD,LG,5,2,9,2,2,1.5,5,3.5
1133,COLD,ST,5,2,9,2,3,1.5,5,3.5
1134,COLD,SM,4,2,7.5,1.5,2,1,4,3
1135,COLD,LG,5,3,9,2,2,1.5,5,3.5
1136,COLD,ST,4,2,7.5,1.5,2,1,4,3
1137,COLD,SM,4,2,7.5,1.5,2,1,4,3
1138,COLD,SM,4,2,7.5,1.5,2,1,4,3
1139,COLD,LG,5,2,9,2,2,1.5,5,3.5
1140,COLD,SM,4,2,7.5,1.5,2,1,4,3
1141,COLD,SM,4,2,7.5,1.5,2,1,4,3
1142,COLD,LG,5,3,9,2,2,1.5,5,3.5
1143,COLD,ST,5,2,9,2,2,1.5,5,3.5
1144,COLD,SM,4,2,7.5,1.5,2,1,4,3
1145,COLD,ST,5,3,9,2,2,1.5,5,3.5
1146,COLD,SM,4,2,7.5,1.5,2,1,4,3
1147,COLD,ST,5,3,10.5,2,3,1.5,6,5.5
1149,COLD,LG,5,3,9,2,3,1.5,5,3.5
1151,COLD,ST,4,2,7.5,1.5,2,1,4,3
1152,COLD,LG,5,2,9,2,2,1.5,5,3.5
1153,COLD,SM,5,3,9,2,2,1.5,5,3.5
1155,COLD,SM,4,2,7.5,1.5,2,1,4,3
1156,COLD,ST,5,3,9,2,3,1.5,5,3.5
1157,COLD,ST,5,3,10.5,2,3,1.5,6,5.5
1158,COLD,LG,5,3,9,2,3,1.5,5,3.5
1159,COLD,ST,5,2,9,2,3,1.5,5,3.5
1160,COLD,LG,5,2,9,2,3,1.5,5,3.5
1161,COLD,ST,5,2,9,2,2,1.5,5,3.5
1162,COLD,LG,5,2,9,2,2,1.5,5,3.5
1163,COLD,LG,4,2,7.5,1.5,2,1,4,3
1164,COLD,ST,5,3,9,2,2,1.5,5,3.5
1165,COLD,ST,5,3,9,2,2,1.5,5,3.5
1166,COLD,SM,5,3,9,2,2,1.5,5,3.5
1167,COLD,LG,4,2,7.5,1.5,2,1,4,3
1168,COLD,LG,5,3,9,2,2,1.5,5,3.5
1169,COLD,LG,5,3,9,2,2,1.5,5,3.5
1171,COLD,ST,5,2,9,2,3,1.5,5,3.5
1172,COLD,SM,5,2,9,2,2,1.5,5,3.5
1173,COLD,LG,5,2,9,2,3,1.5,5,3.5
1174,COLD,ST,5,3,9,2,2,1.5,5,3.5
1175,COLD,ST,4,2,7.5,1.5,2,1,4,3
1176,COLD,SM,4,2,7.5,1.5,2,1,4,3
1177,COLD,SM,4,2,7.5,1.5,2,1,4,3
1178,COLD,LG,5,3,9,2,2,1.5,5,3.5
1179,COLD,ST,5,2,9,2,3,1.5,5,3.5
1180,COLD,LG,5,3,9,2,3,1.5,5,3.5
1181,COLD,LG,5,3,9,2,3,1.5,5,3.5
1182,COLD,LG,5,3,9,2,3,1.5,5,3.5
1183,COLD,ST,4,2,7.5,1.5,2,1,4,3
1184,COLD,ST,5,3,9,2,2,1.5,5,3.5
1185,COLD,LG,5,2,9,2,2,1.5,5,3.5
1186,COLD,ST,5,2,9,2,3,1.5,5,3.5
1187,COLD,ST,5,3,9,2,3,1.5,5,3.5
1188,COLD,SM,4,2,7.5,1.5,2,1,4,3
1189,COLD,SM,4,2,7.5,1.5,2,1,4,3
1190,COLD,LG,5,3,9,2,2,1.5,5,3.5
1191,COLD,SM,4,2,7.5,1.5,2,1,4,3
1192,COLD,LG,4,2,7.5,1.5,2,1,4,3
1193,COLD,SM,4,2,7.5,1.5,2,1,4,3
1194,COLD,SM,4,2,7.5,1.5,2,1,4,3
1195,COLD,LG,4,2,7.5,1.5,2,1,4,3
1196,COLD,SM,4,2,7.5,1.5,2,1,4,3
1197,COLD,ST,5,3,10.5,2,3,1.5,6,5.5
1198,COLD,SM,4,2,7.5,1.5,2,1,4,3
1199,COLD,SM,4,2,7.5,1.5,2,1,4,3
1200,COLD,ST,4,2,7.5,1.5,2,1,4,3
1201,COLD,SM,4,2,7.5,1.5,2,1,4,3
1202,COLD,ST,4,2,7.5,1.5,2,1,4,3
1203,COLD,SM,4,2,7.5,1.5,2,1,4,3
1204,COLD,SM,4,2,7.5,1.5,2,1,4,3
1205,COLD,SM,4,2,7.5,1.5,2,1,4,3
1207,COLD,LG,4,2,7.5,1.5,2,1,4,3
1209,COLD,LG,5,2,9,2,3,1.5,5,3.5
1211,COLD,LG,4,2,7.5,1.5,2,1,4,3
1212,COLD,ST,5,3,9,2,2,1.5,5,3.5
1215,COLD,SM,4,2,7.5,1.5,2,1,4,3
1216,COLD,SM,4,2,7.5,1.5,2,1,4,3
1217,COLD,LG,4,2,7.5,1.5,2,1,4,3
1219,COLD,SM,4,2,7.5,1.5,2,1,4,3
1221,COLD,LG,5,3,9,2,2,1.5,5,3.5
1222,COLD,LG,5,2,9,2,3,1.5,5,3.5
1223,COLD,SM,5,3,9,2,2,1.5,5,3.5
1224,COLD,ST,5,3,9,2,2,1.5,5,3.5
1225,COLD,SM,4,2,7.5,1.5,2,1,4,3
1226,COLD,ST,4,2,7.5,1.5,2,1,4,3
1227,COLD,LG,5,3,9,2,2,1.5,5,3.5
1228,COLD,SM,4,2,7.5,1.5,2,1,4,3
1229,COLD,LG,5,3,9,2,3,1.5,5,3.5
1230,COLD,ST,4,2,7.5,1.5,2,1,4,3
1231,COLD,LG,4,2,7.5,1.5,2,1,4,3
1232,COLD,SM,4,2,7.5,1.5,2,1,4,3
1233,COLD,ST,5,2,9,2,2,1.5,5,3.5
1234,COLD,SM,4,2,7.5,1.5,2,1,4,3
1235,COLD,LG,5,2,9,2,2,1.5,5,3.5
1236,COLD,LG,5,2,9,2,3,1.5,5,3.5
1237,COLD,LG,5,2,9,2,2,1.5,5,3.5
1238,COLD,SM,5,3,9,2,2,1.5,5,3.5
1240,COLD,LG,4,2,7.5,1.5,2,1,4,3
1241,COLD,LG,5,3,9,2,2,1.5,5,3.5
1242,COLD,LG,4,2,7.5,1.5,2,1,4,3
1243,COLD,ST,4,2,7.5,1.5,2,1,4,3
1245,COLD,SM,4,2,7.5,1.5,2,1,4,3
1246,COLD,LG,4,2,7.5,1.5,2,1,4,3
1247,COLD,ST,4,2,7.5,1.5,2,1,4,3
1248,COLD,ST,4,2,7.5,1.5,2,1,4,3
1249,COLD,ST,5,2,9,2,3,1.5,5,3.5
1250,COLD,SM,4,2,7.5,1.5,2,1,4,3
1253,COLD,LG,5,3,9,2,2,1.5,5,3.5
1255,COLD,ST,5,3,9,2,2,1.5,5,3.5
1256,COLD,ST,5,3,9,2,3,1.5,5,3.5
1257,COLD,LG,5,3,9,2,3,1.5,5,3.5
1261,COLD,LG,4,2,7.5,1.5,2,1,4,3
1262,COLD,ST,5,2,9,2,2,1.5,5,3.5
1264,COLD,ST,5,2,9,2,2,1.5,5,3.5
1265,COLD,LG,5,3,9,2,3,1.5,5,3.5
1266,COLD,LG,5,3,9,2,2,1.5,5,3.5
1267,COLD,SM,4,2,7.5,1.5,2,1,4,3
1268,COLD,LG,5,3,10.5,2,3,1.5,6,5.5
1269,COLD,LG,4,2,7.5,1.5,2,1,4,3
1270,COLD,SM,5,2,9,2,3,1.5,5,3.5
1271,COLD,LG,5,3,9,2,2,1.5,5,3.5
1272,COLD,LG,5,3,9,2,2,1.5,5,3.5
1275,COLD,LG,4,2,7.5,1.5,2,1,4,3
1276,COLD,ST,4,2,7.5,1.5,2,1,4,3
1277,COLD,ST,5,2,9,2,2,1.5,5,3.5
1279,COLD,SM,4,2,7.5,1.5,2,1,4,3
1280,COLD,LG,4,2,7.5,1.5,2,1,4,3
1281,COLD,LG,5,3,9,2,2,1.5,5,3.5
1282,COLD,ST,5,2,9,2,3,1.5,5,3.5
1283,COLD,ST,5,2,9,2,2,1.5,5,3.5
1284,COLD,SM,4,2,7.5,1.5,2,1,4,3
1285,COLD,ST,4,2,7.5,1.5,2,1,4,3
1286,COLD,SM,4,2,7.5,1.5,2,1,4,3
1287,COLD,LG,4,2,7.5,1.5,2,1,4,3
1288,COLD,ST,4,2,7.5,1.5,2,1,4,3
1290,COLD,LG,5,2,9,2,3,1.5,5,3.5
1291,COLD,SM,4,2,7.5,1.5,2,1,4,3
1292,COLD,LG,4,2,7.5,1.5,2,1,4,3
1293,COLD,ST,4,2,7.5,1.5,2,1,4,3
1294,COLD,ST,4,2,7.5,1.5,2,1,4,3
1295,COLD,SM,4,2,7.5,1.5,2,1,4,3
1300,COLD,LG,4,2,7.5,1.5,2,1,4,3
1301,COLD,LG,5,3,9,2,2,1.5,5,3.5
1302,COLD,SM,4,2,7.5,1.5,2,1,4,3
1303,COLD,SM,4,2,7.5,1.5,2,1,4,3
1304,COLD,SM,4,2,7.5,1.5,2,1,4,3
1305,COLD,LG,5,3,9,2,3,1.5,5,3.5
1306,COLD,ST,5,2,9,2,2,1.5,5,3.5
1307,COLD,LG,4,2,7.5,1.5,2,1,4,3
1308,COLD,SM,4,2,7.5,1.5,2,1,4,3
1309,COLD,SM,4,2,7.5,1.5,2,1,4,3
1310,COLD,SM,4,2,7.5,1.5,2,1,4,3
1312,COLD,ST,5,2,9,2,2,1.5,5,3.5
1313,COLD,LG,5,3,9,2,3,1.5,5,3.5
1314,COLD,SM,4,2,7.5,1.5,2,1,4,3
1315,COLD,SM,4,2,7.5,1.5,2,1,4,3
1316,COLD,LG,4,2,7.5,1.5,2,1,4,3
1317,COLD,ST,5,3,9,2,2,1.5,5,3.5
1318,COLD,ST,5,2,9,2,2,1.5,5,3.5
1319,COLD,ST,5,3,9,2,2,1.5,5,3.5
1320,COLD,ST,5,2,9,2,2,1.5,5,3.5
1322,COLD,ST,5,3,9,2,2,1.5,5,3.5
1324,COLD,SM,4,2,7.5,1.5,2,1,4,3
1325,COLD,ST,5,3,10.5,2,3,1.5,6,5.5
1326,COLD,SM,4,2,7.5,1.5,2,1,4,3
1327,COLD,ST,5,2,9,2,3,1.5,5,3.5
1328,COLD,LG,5,2,9,2,2,1.5,5,3.5
1329,COLD,SM,5,2,9,2,2,1.5,5,3.5
1330,COLD,ST,5,3,9,2,2,1.5,5,3.5
1331,COLD,ST,5,2,9,2,2,1.5,5,3.5
1332,COLD,SM,4,2,7.5,1.5,2,1,4,3
1334,COLD,SM,4,2,7.5,1.5,2,1,4,3
1340,COLD,ST,5,2,9,2,2,1.5,5,3.5
1342,COLD,SM,4,2,7.5,1.5,2,1,4,3
1343,COLD,SM,4,2,7.5,1.5,2,1,4,3
1347,COLD,ST,5,3,9,2,2,1.5,5,3.5
1349,COLD,SM,4,2,7.5,1.5,2,1,4,3
1350,COLD,SM,4,2,7.5,1.5,2,1,4,3
1352,COLD,SM,5,3,9,2,2,1.5,5,3.5
1353,COLD,SM,4,2,7.5,1.5,2,1,4,3
1354,COLD,SM,4,2,7.5,1.5,2,1,4,3
1355,COLD,ST,5,3,10.5,2,3,1.5,6,5.5
1356,COLD,SM,4,2,7.5,1.5,2,1,4,3
1357,COLD,ST,5,3,9,2,2,1.5,5,3.5
1358,COLD,SM,4,2,7.5,1.5,2,1,4,3
1359,COLD,SM,4,2,7.5,1.5,2,1,4,3
1360,COLD,SM,4,2,7.5,1.5,2,1,4,3
1361,COLD,SM,4,2,7.5,1.5,2,1,4,3
1362,COLD,SM,4,2,7.5,1.5,2,1,4,3
1363,COLD,SM,4,2,7.5,1.5,2,1,4,3
1364,COLD,ST,4,2,7.5,1.5,2,1,4,3
1365,COLD,SM,4,2,7.5,1.5,2,1,4,3
1366,COLD,SM,4,2,7.5,1.5,2,1,4,3
1367,COLD,SM,4,2,7.5,1.5,2,1,4,3
1370,COLD,SM,4,2,7.5,1.5,2,1,4,3
1371,COLD,SM,4,2,7.5,1.5,2,1,4,3
1372,COLD,SM,5,2,9,2,2,1.5,5,3.5
1373,COLD,SM,4,2,7.5,1.5,2,1,4,3
1374,COLD,SM,4,2,7.5,1.5,2,1,4,3
1376,COLD,SM,4,2,7.5,1.5,2,1,4,3
1377,COLD,SM,4,2,7.5,1.5,2,1,4,3
1378,COLD,SM,4,2,7.5,1.5,2,1,4,3
1379,COLD,SM,4,2,7.5,1.5,2,1,4,3
1381,COLD,SM,4,2,7.5,1.5,2,1,4,3
1382,COLD,SM,4,2,7.5,1.5,2,1,4,3
1383,COLD,SM,4,2,7.5,1.5,2,1,4,3
1385,COLD,SM,5,2,9,2,2,1.5,5,3.5
1386,COLD,SM,4,2,7.5,1.5,2,1,4,3
1388,COLD,SM,4,2,7.5,1.5,2,1,4,3
1389,COLD,SM,5,2,9,2,2,1.5,5,3.5
1390,COLD,SM,5,2,9,2,2,1.5,5,3.5
1391,COLD,SM,4,2,7.5,1.5,2,1,4,3
1393,COLD,SM,4,2,7.5,1.5,2,1,4,3
1394,COLD,ST,5,3,9,2,3,1.5,5,3.5
1395,COLD,SM,5,2,9,2,2,1.5,5,3.5
1396,COLD,SM,4,2,7.5,1.5,2,1,4,3
1397,COLD,SM,4,2,7.5,1.5,2,1,4,3
1399,COLD,SM,4,2,7.5,1.5,2,1,4,3
1400,COLD,SM,4,2,7.5,1.5,2,1,4,3
1401,COLD,ST,5,3,9,2,2,1.5,5,3.5
1403,COLD,SM,4,2,7.5,1.5,2,1,4,3
1404,COLD,SM,4,2,7.5,1.5,2,1,4,3
1405,COLD,ST,5,3,9,2,3,1.5,5,3.5
1407,COLD,SM,4,2,7.5,1.5,2,1,4,3
1408,COLD,ST,5,2,9,2,2,1.5,5,3.5
1409,COLD,ST,5,2,9,2,2,1.5,5,3.5
1410,COLD,SM,4,2,7.5,1.5,2,1,4,3
1411,COLD,SM,4,2,7.5,1.5,2,1,4,3
1413,COLD,SM,4,2,7.5,1.5,2,1,4,3
1414,COLD,ST,5,2,9,2,2,1.5,5,3.5
1415,COLD,SM,4,2,7.5,1.5,2,1,4,3
1416,COLD,SM,4,2,7.5,1.5,2,1,4,3
1418,COLD,ST,5,3,9,2,3,1.5,5,3.5
1419,COLD,SM,4,2,7.5,1.5,2,1,4,3
1420,COLD,SM,4,2,7.5,1.5,2,1,4,3
1421,COLD,SM,4,2,7.5,1.5,2,1,4,3
1422,COLD,SM,4,2,7.5,1.5,2,1,4,3
1424,COLD,SM,4,2,7.5,1.5,2,1,4,3
1425,COLD,SM,4,2,7.5,1.5,2,1,4,3
1426,COLD,SM,4,2,7.5,1.5,2,1,4,3
1428,COLD,SM,4,2,7.5,1.5,2,1,4,3
1429,COLD,SM,4,2,7.5,1.5,2,1,4,3
1430,COLD,SM,4,2,7.5,1.5,2,1,4,3
1431,COLD,SM,4,2,7.5,1.5,2,1,4,3
1432,COLD,ST,5,2,9,2,2,1.5,5,3.5
1434,COLD,SM,4,2,7.5,1.5,2,1,4,3
1435,COLD,SM,5,2,9,2,2,1.5,5,3.5
1436,COLD,SM,4,2,7.5,1.5,2,1,4,3
1437,COLD,SM,4,2,7.5,1.5,2,1,4,3
1438,COLD,SM,4,2,7.5,1.5,2,1,4,3
1439,COLD,SM,4,2,7.5,1.5,2,1,4,3
1440,COLD,SM,4,2,7.5,1.5,2,1,4,3
1441,COLD,SM,5,2,9,2,2,1.5,5,3.5
1442,COLD,SM,4,2,7.5,1.5,2,1,4,3
1443,COLD,SM,4,2,7.5,1.5,2,1,4,3
1445,COLD,SM,4,2,7.5,1.5,2,1,4,3
1447,COLD,SM,4,2,7.5,1.5,2,1,4,3
1448,COLD,SM,4,2,7.5,1.5,2,1,4,3
1450,COLD,SM,4,2,7.5,1.5,2,1,4,3
1452,COLD,SM,4,2,7.5,1.5,2,1,4,3
1453,COLD,SM,4,2,7.5,1.5,2,1,4,3
1454,COLD,SM,4,2,7.5,1.5,2,1,4,3
1455,COLD,SM,4,2,7.5,1.5,2,1,4,3
1456,COLD,SM,5,2,9,2,2,1.5,5,3.5
1457,COLD,SM,4,2,7.5,1.5,2,1,4,3
1458,COLD,SM,4,2,7.5,1.5,2,1,4,3
1461,COLD,SM,4,2,7.5,1.5,2,1,4,3
1462,COLD,SM,4,2,7.5,1.5,2,1,4,3
1463,COLD,SM,4,2,7.5,1.5,2,1,4,3
1465,COLD,SM,4,2,7.5,1.5,2,1,4,3
1466,COLD,SM,4,2,7.5,1.5,2,1,4,3
1467,COLD,SM,4,2,7.5,1.5,2,1,4,3
1468,COLD,SM,4,2,7.5,1.5,2,1,4,3
1469,COLD,SM,4,2,7.5,1.5,2,1,4,3
1470,COLD,SM,4,2,7.5,1.5,2,1,4,3
1473,COLD,SM,4,2,7.5,1.5,2,1,4,3
1474,COLD,SM,4,2,7.5,1.5,2,1,4,3
1476,COLD,ST,5,2,9,2,2,1.5,5,3.5
1480,COLD,SM,4,2,7.5,1.5,2,1,4,3
1481,COLD,SM,5,2,9,2,2,1.5,5,3.5
1484,COLD,SM,5,2,9,2,2,1.5,5,3.5
1487,COLD,SM,4,2,7.5,1.5,2,1,4,3
1492,COLD,SM,4,2,7.5,1.5,2,1,4,3
1493,COLD,SM,4,2,7.5,1.5,2,1,4,3
1494,COLD,SM,5,3,9,2,2,1.5,5,3.5
1497,COLD,SM,4,2,7.5,1.5,2,1,4,3
1498,COLD,SM,4,2,7.5,1.5,2,1,4,3
1499,COLD,SM,4,2,7.5,1.5,2,1,4,3
1500,COLD,SM,5,2,9,2,2,1.5,5,3.5
1501,COLD,SM,4,2,7.5,1.5,2,1,4,3
1502,COLD,SM,5,2,9,2,2,1.5,5,3.5
1503,COLD,SM,4,2,7.5,1.5,2,1,4,3
1504,COLD,SM,4,2,7.5,1.5,2,1,4,3
1506,COLD,SM,4,2,7.5,1.5,2,1,4,3
1507,COLD,SM,4,2,7.5,1.5,2,1,4,3
1508,COLD,SM,4,2,7.5,1.5,2,1,4,3
1510,COLD,SM,4,2,7.5,1.5,2,1,4,3
1515,COLD,SM,4,2,7.5,1.5,2,1,4,3
1516,COLD,SM,4,2,7.5,1.5,2,1,4,3
1517,COLD,SM,4,2,7.5,1.5,2,1,4,3
